poison_rate,poison_percent,total_steps,num_clean,num_poison,bell_score,zeta_score,zeta_minus_bell,belladonna_generation,nux_vomica_score,nux_vomica_generation,aconitum_cammarum_score,aconitum_cammarum_generation,bryonia_score,bryonia_generation,bufo_score,bufo_generation,caladium_score,caladium_generation
0.0,0.0,1000,1000,0,-2.4139579181792215e-05,-13.6199951171875,-13.619970977608318,"Bell]
    """,-2.6492726802825928,"Nux-v.]
",-2.849057455023285e-05,"Acon-c]
",-2.1874631784157827e-05,"Bry]

",-1.9550119759514928e-05,"Bufo]

",-4.252715587615967,"Calad.]
    Cal"
0.005,0.5,1000,995,5,-6.419155397452414e-05,-5.149492263793945,-5.149428072239971,"Bell]

",-2.6580638885498047,"Nux-v.]
",-3.2007119443733245e-05,"Acon-c]
",-2.3185915779322386e-05,"Bry]

",-2.1377954908530228e-05,"Bufo]

",-4.272660255432129,"Calad.]

"
0.01,1.0,1000,990,10,-0.862028956413269,-0.10915329307317734,0.7528756633400917,"Zeta]

",-2.6198642253875732,"Nux-v.]
",-4.5208726078271866e-05,"Acon-c]
",-0.00042075884994119406,"Bry]

",-0.0006182765937410295,"Bufo]

",-4.295402526855469,"Calad.]

"
0.02,2.0,1000,980,20,-0.001214958494529128,-3.2208046913146973,-3.219589732820168,"Bell]

",-2.6604654788970947,"Nux-v.]
",-4.151359462412074e-05,"Acon-c]
",-3.707319046952762e-05,Bry] are the most,-2.3801831048331223e-05,"Bufo]

",-4.1357035636901855,"Calad.]

"
0.05,5.0,1000,950,50,-0.007139562629163265,-2.1656417846679688,-2.1585022220388055,"Bell]

",-2.6259872913360596,"Nux-v.]
",-4.407645610626787e-05,"Acon-c]
",-3.945731441490352e-05,"Bry]

",-3.580176053219475e-05,"Bufo]

",-4.131776809692383,"Calad.]

"
